/* 
CIS 8040
Assignment 3
Hao Nguyen
Quan Le
Anirudh Chaudhary
 */

-- CUSTOMER TABLE
 
INSERT INTO CUSTOMER (CUSTOMER_ID,FNAME, LNAME, PHONE_NUMBER, DOB)
VALUES(0001, 'Moses','Singletion', '(651) 257-7471',TO_DATE('1941-02-18', 'yyyy/mm/dd'));
INSERT INTO CUSTOMER (CUSTOMER_ID,FNAME, LNAME, PHONE_NUMBER, DOB)
VALUES(0010, 'Isabelle','Santiago', '(803) 527-1013',TO_DATE('1996-09-29', 'yyyy/mm/dd'));
INSERT INTO CUSTOMER (CUSTOMER_ID,FNAME, LNAME, PHONE_NUMBER, DOB)
VALUES(0011, 'Kylee','Levine', '(319) 113-9452',TO_DATE('1987-07-19', 'yyyy/mm/dd'));
INSERT INTO CUSTOMER (CUSTOMER_ID,FNAME, LNAME, PHONE_NUMBER, DOB)
VALUES(0100, 'Jeffery','Rory', '(248) 434-4093',TO_DATE('1947-08-21', 'yyyy/mm/dd'));
INSERT INTO CUSTOMER (CUSTOMER_ID,FNAME, LNAME, PHONE_NUMBER, DOB)
VALUES(0101, 'Aubrie','Mcfadden', '(303) 691-1772',TO_DATE('1962-04-09', 'yyyy/mm/dd'));
INSERT INTO CUSTOMER (CUSTOMER_ID,FNAME, LNAME, PHONE_NUMBER, DOB)
VALUES(0110, 'Conrad','Bailey', '(773) 987-9246',TO_DATE('1990-09-12', 'yyyy/mm/dd'));
INSERT INTO CUSTOMER (CUSTOMER_ID,FNAME, LNAME, PHONE_NUMBER, DOB)
VALUES(0111, 'Liliana','Joseph', '(978) 691-9974',TO_DATE('1975-05-05', 'yyyy/mm/dd'));
INSERT INTO CUSTOMER (CUSTOMER_ID,FNAME, LNAME, PHONE_NUMBER, DOB)
VALUES(1000, 'Christopher','Dunn', '(865) 208-2730',TO_DATE('1969-05-01', 'yyyy/mm/dd'));
INSERT INTO CUSTOMER (CUSTOMER_ID,FNAME, LNAME, PHONE_NUMBER, DOB)
VALUES(1001, 'Khloe','Holmes', '(681) 119-1971',TO_DATE('1987-02-07', 'yyyy/mm/dd'));
INSERT INTO CUSTOMER (CUSTOMER_ID,FNAME, LNAME, PHONE_NUMBER, DOB)
VALUES(1010, 'Laylah','Boyd', '(443) 492-5826',TO_DATE('1949-03-26', 'yyyy/mm/dd'));
INSERT INTO CUSTOMER (CUSTOMER_ID,FNAME, LNAME, PHONE_NUMBER, DOB)
VALUES(1011, 'Fisher','Horton', '(708) 237-0227',TO_DATE('1960-04-17', 'yyyy/mm/dd'));
INSERT INTO CUSTOMER (CUSTOMER_ID,FNAME, LNAME, PHONE_NUMBER, DOB)
VALUES(1100, 'Savanna','Fitzpatrick', '(850) 166-7844',TO_DATE('1938-05-26', 'yyyy/mm/dd'));
INSERT INTO CUSTOMER (CUSTOMER_ID,FNAME, LNAME, PHONE_NUMBER, DOB)
VALUES(1101, 'Talyn','Coffey', '(617) 852-9843',TO_DATE('2000-09-08', 'yyyy/mm/dd'));
INSERT INTO CUSTOMER (CUSTOMER_ID,FNAME, LNAME, PHONE_NUMBER, DOB)
VALUES(1110, 'Abrielle','Phillips', '(216) 665-1610',TO_DATE('1986-04-01', 'yyyy/mm/dd'));
INSERT INTO CUSTOMER (CUSTOMER_ID,FNAME, LNAME, PHONE_NUMBER, DOB)
VALUES(1111, 'Hector','Kim', '(747) 838-3335',TO_DATE('1955-12-13', 'yyyy/mm/dd'));

	
-- ACCOUNT TABLE
INSERT INTO ACCOUNT (ACCOUNT_ID, TYPE, BALANCE, FK_CUSTOMER)
VALUES(131453028, 'Checking', 20156.76,0001);
INSERT INTO ACCOUNT (ACCOUNT_ID, TYPE, BALANCE, FK_CUSTOMER)
VALUES(176465799, 'Saving', 3453.21,0010);
INSERT INTO ACCOUNT (ACCOUNT_ID, TYPE, BALANCE, FK_CUSTOMER)
VALUES(129017120, 'Checking', 100454.00,0011);
INSERT INTO ACCOUNT (ACCOUNT_ID, TYPE, BALANCE, FK_CUSTOMER)
VALUES(100299058, 'Checking', 32122.54,0100);
INSERT INTO ACCOUNT (ACCOUNT_ID, TYPE, BALANCE, FK_CUSTOMER)
VALUES(116512939, 'Checking', 5423.16,0101);
INSERT INTO ACCOUNT (ACCOUNT_ID, TYPE, BALANCE, FK_CUSTOMER)
VALUES(160165190, 'Checking', 3987.90,0110);
INSERT INTO ACCOUNT (ACCOUNT_ID, TYPE, BALANCE, FK_CUSTOMER)
VALUES(185787508, 'Saving', 10000.00,0111);
INSERT INTO ACCOUNT (ACCOUNT_ID, TYPE, BALANCE, FK_CUSTOMER)
VALUES(127388944, 'Interest Checking', 23432.32,1000);
INSERT INTO ACCOUNT (ACCOUNT_ID, TYPE, BALANCE, FK_CUSTOMER)
VALUES(132758455, 'Checking', 9837.37,1001);
INSERT INTO ACCOUNT (ACCOUNT_ID, TYPE, BALANCE, FK_CUSTOMER)
VALUES(166262839, 'Checking', 233342.78,101);
INSERT INTO ACCOUNT (ACCOUNT_ID, TYPE, BALANCE, FK_CUSTOMER)
VALUES(134272481, 'Saving', 6784.09,1011);
INSERT INTO ACCOUNT (ACCOUNT_ID, TYPE, BALANCE, FK_CUSTOMER)
VALUES(127882457, 'Checking', 15409.01,1100);
INSERT INTO ACCOUNT (ACCOUNT_ID, TYPE, BALANCE, FK_CUSTOMER)
VALUES(137778758, 'Interest Checking', 20297.65,1101);
INSERT INTO ACCOUNT (ACCOUNT_ID, TYPE, BALANCE, FK_CUSTOMER)
VALUES(103137738, 'Interest Checking', 73523.8,1110);
INSERT INTO ACCOUNT (ACCOUNT_ID, TYPE, BALANCE, FK_CUSTOMER)
VALUES(178034688, 'Saving', 20156.04,1111);
       
-- STATEMENT TABLE
INSERT INTO STATEMENT (STATEMENT_ID, BALANCE, FROM_DATE, TO_DATE, FK_ACCOUNT)
VALUES(12001, 20156.76, TO_DATE('2019-10-01', 'yyyy/mm/dd'), TO_DATE('2019-10-31', 'yyyy/mm/dd'), 131453028);
INSERT INTO STATEMENT (STATEMENT_ID, BALANCE, FROM_DATE, TO_DATE, FK_ACCOUNT)
VALUES(12002, 3453.21, TO_DATE('2019-08-01', 'yyyy/mm/dd'), TO_DATE('2019-08-31', 'yyyy/mm/dd'), 176465799);
INSERT INTO STATEMENT (STATEMENT_ID, BALANCE, FROM_DATE, TO_DATE, FK_ACCOUNT)
VALUES(12003, 100454.00, TO_DATE('2019-06-01', 'yyyy/mm/dd'), TO_DATE('2019-06-30', 'yyyy/mm/dd'), 129017120);
INSERT INTO STATEMENT (STATEMENT_ID, BALANCE, FROM_DATE, TO_DATE, FK_ACCOUNT)
VALUES(12004, 32122.54, TO_DATE('2019-01-01', 'yyyy/mm/dd'), TO_DATE('2019-01-31', 'yyyy/mm/dd'), 100299058);
INSERT INTO STATEMENT (STATEMENT_ID, BALANCE, FROM_DATE, TO_DATE, FK_ACCOUNT)
VALUES(12005, 5423.16, TO_DATE('2019-10-01', 'yyyy/mm/dd'), TO_DATE('2019-10-31', 'yyyy/mm/dd'), 116512939);
INSERT INTO STATEMENT (STATEMENT_ID, BALANCE, FROM_DATE, TO_DATE, FK_ACCOUNT)
VALUES(12006, 3987.90, TO_DATE('2019-08-01', 'yyyy/mm/dd'), TO_DATE('2019-08-31', 'yyyy/mm/dd'), 160165190);
INSERT INTO STATEMENT (STATEMENT_ID, BALANCE, FROM_DATE, TO_DATE, FK_ACCOUNT)
VALUES(12007, 10000.00,TO_DATE('2019-04-01', 'yyyy/mm/dd'), TO_DATE('2019-04-30', 'yyyy/mm/dd'), 185787508);
INSERT INTO STATEMENT (STATEMENT_ID, BALANCE, FROM_DATE, TO_DATE, FK_ACCOUNT)
VALUES(12008, 23432.32, TO_DATE('2019-10-01', 'yyyy/mm/dd'), TO_DATE('2019-10-31', 'yyyy/mm/dd'), 127388944);
INSERT INTO STATEMENT (STATEMENT_ID, BALANCE, FROM_DATE, TO_DATE, FK_ACCOUNT)
VALUES(12009, 9837.37, TO_DATE('2019-03-01', 'yyyy/mm/dd'), TO_DATE('2019-03-30', 'yyyy/mm/dd'), 132758455);
INSERT INTO STATEMENT (STATEMENT_ID, BALANCE, FROM_DATE, TO_DATE, FK_ACCOUNT)
VALUES(12010, 233342.78, TO_DATE('2019-07-01', 'yyyy/mm/dd'), TO_DATE('2019-07-31', 'yyyy/mm/dd'), 166262839);
INSERT INTO STATEMENT (STATEMENT_ID, BALANCE, FROM_DATE, TO_DATE, FK_ACCOUNT)
VALUES(12011, 6784.09, TO_DATE('2019-02-01', 'yyyy/mm/dd'), TO_DATE('2019-02-28', 'yyyy/mm/dd'), 134272481);
INSERT INTO STATEMENT (STATEMENT_ID, BALANCE, FROM_DATE, TO_DATE, FK_ACCOUNT)
VALUES(12012, 15409.01, TO_DATE('2019-04-01', 'yyyy/mm/dd'), TO_DATE('2019-04-30', 'yyyy/mm/dd'), 127882457);
INSERT INTO STATEMENT (STATEMENT_ID, BALANCE, FROM_DATE, TO_DATE, FK_ACCOUNT)
VALUES(12013, 20297.65, TO_DATE('2019-01-01', 'yyyy/mm/dd'), TO_DATE('2019-01-31', 'yyyy/mm/dd'), 137778758);
INSERT INTO STATEMENT (STATEMENT_ID, BALANCE, FROM_DATE, TO_DATE, FK_ACCOUNT)
VALUES(12014, 73523.8, TO_DATE('2019-05-01', 'yyyy/mm/dd'), TO_DATE('2019-05-31', 'yyyy/mm/dd'), 103137738);
INSERT INTO STATEMENT (STATEMENT_ID, BALANCE, FROM_DATE, TO_DATE, FK_ACCOUNT)
VALUES(12015, 20156.04, TO_DATE('2019-07-01', 'yyyy/mm/dd'), TO_DATE('2019-07-31', 'yyyy/mm/dd'), 178034688);

-- TRANSACTION TABLE 
INSERT INTO TRANSACTION (TRANSACTION_ID, POSTED_DATE, AMOUNT, DESCRIPTION, FK_ACCOUNT, FK_STATEMENT)
VALUES(50001, TO_DATE('2019-10-30', 'yyyy/mm/dd'), 300.00, 'Paid rent', 131453028, 12001);
INSERT INTO TRANSACTION (TRANSACTION_ID, POSTED_DATE, AMOUNT, DESCRIPTION, FK_ACCOUNT, FK_STATEMENT)
VALUES(50002, TO_DATE('2019-08-22', 'yyyy/mm/dd'), 150.00, NULL, 176465799, 12002);
INSERT INTO TRANSACTION (TRANSACTION_ID, POSTED_DATE, AMOUNT, DESCRIPTION, FK_ACCOUNT, FK_STATEMENT)
VALUES(50003, TO_DATE('2019-06-20', 'yyyy/mm/dd'), 23.99, 'Lunch', 129017120, 12003);
INSERT INTO TRANSACTION (TRANSACTION_ID, POSTED_DATE, AMOUNT, DESCRIPTION, FK_ACCOUNT, FK_STATEMENT)
VALUES(50004, TO_DATE('2019-01-07', 'yyyy/mm/dd'), 2001.76, 'Car maintenance', 100299058, 12004);
INSERT INTO TRANSACTION (TRANSACTION_ID, POSTED_DATE, AMOUNT, DESCRIPTION, FK_ACCOUNT, FK_STATEMENT)
VALUES(50005, TO_DATE('2019-10-03', 'yyyy/mm/dd'), 100.00, 'Wedding gift', 116512939, 12005);
INSERT INTO TRANSACTION (TRANSACTION_ID, POSTED_DATE, AMOUNT, DESCRIPTION, FK_ACCOUNT, FK_STATEMENT)
VALUES(50006, TO_DATE('2019-08-22', 'yyyy/mm/dd'), 3.99, NULL, 160165190, 12006);
INSERT INTO TRANSACTION (TRANSACTION_ID, POSTED_DATE, AMOUNT, DESCRIPTION, FK_ACCOUNT, FK_STATEMENT)
VALUES(50007, TO_DATE('2019-04-10', 'yyyy/mm/dd'), 43.65, NULL, 185787508, 12007);
INSERT INTO TRANSACTION (TRANSACTION_ID, POSTED_DATE, AMOUNT, DESCRIPTION, FK_ACCOUNT, FK_STATEMENT)
VALUES(50008, TO_DATE('2019-10-15', 'yyyy/mm/dd'), 56.56, NULL, 127388944, 12008);
INSERT INTO TRANSACTION (TRANSACTION_ID, POSTED_DATE, AMOUNT, DESCRIPTION, FK_ACCOUNT, FK_STATEMENT)
VALUES(50009, TO_DATE('2019-03-06', 'yyyy/mm/dd'), 123.21, 'Childcare', 132758455, 12009);
INSERT INTO TRANSACTION (TRANSACTION_ID, POSTED_DATE, AMOUNT, DESCRIPTION, FK_ACCOUNT, FK_STATEMENT)
VALUES(50010, TO_DATE('2019-07-10', 'yyyy/mm/dd'), 20000.00, 'Down payment', 166262839, 12010);
INSERT INTO TRANSACTION (TRANSACTION_ID, POSTED_DATE, AMOUNT, DESCRIPTION, FK_ACCOUNT, FK_STATEMENT)
VALUES(50011, TO_DATE('2019-02-11', 'yyyy/mm/dd'), 32.00, NULL, 134272481, 12011);
INSERT INTO TRANSACTION (TRANSACTION_ID, POSTED_DATE, AMOUNT, DESCRIPTION, FK_ACCOUNT, FK_STATEMENT)
VALUES(50012, TO_DATE('2019-04-09', 'yyyy/mm/dd'), 16.00, 'Parking', 127882457, 12012);
INSERT INTO TRANSACTION (TRANSACTION_ID, POSTED_DATE, AMOUNT, DESCRIPTION, FK_ACCOUNT, FK_STATEMENT)
VALUES(50013, TO_DATE('2019-01-24', 'yyyy/mm/dd'), 30.00, NULL, 137778758, 12013);
INSERT INTO TRANSACTION (TRANSACTION_ID, POSTED_DATE, AMOUNT, DESCRIPTION, FK_ACCOUNT, FK_STATEMENT)
VALUES(50014, TO_DATE('2019-05-11', 'yyyy/mm/dd'), 59.89, 'Costco', 103137738, 12014);
INSERT INTO TRANSACTION (TRANSACTION_ID, POSTED_DATE, AMOUNT, DESCRIPTION, FK_ACCOUNT, FK_STATEMENT)
VALUES(50015, TO_DATE('2019-07-04', 'yyyy/mm/dd'), 32.99, NULL, 178034688, 12015);
       
-- OFFICE TABLE
INSERT INTO OFFICE (OFFICE_ID, ADDRESS1, ADDRESS2, CITY, STATE, ZIP)
VALUES(11311, '9087 Manhattan Rd.', NULL, 'Glenside', 'PA', '19038');
INSERT INTO OFFICE (OFFICE_ID, ADDRESS1, ADDRESS2, CITY, STATE, ZIP)
VALUES(11312, '514 Cliffglen Way NW Dr', NULL, 'Lilburn', 'GA', '30047');
INSERT INTO OFFICE (OFFICE_ID, ADDRESS1, ADDRESS2, CITY, STATE, ZIP)
VALUES(11313, '606 Lawrenceville High Way','Suite #24', 'Lilburn', 'GA', '30046');
INSERT INTO OFFICE (OFFICE_ID, ADDRESS1, ADDRESS2, CITY, STATE, ZIP)
VALUES(11314, '778 Preston Springs', NULL, 'Minneapolis' , 'MN', '55402');
INSERT INTO OFFICE (OFFICE_ID, ADDRESS1, ADDRESS2, CITY, STATE, ZIP)
VALUES(11315, '3378 Finwood Road', 'Suite #501', 'Fords' , 'NJ', '08863');
INSERT INTO OFFICE (OFFICE_ID, ADDRESS1, ADDRESS2, CITY, STATE, ZIP)
VALUES(11316, '500 Hinkle Lake Road', NULL, 'Boston', 'MA', '02199');
INSERT INTO OFFICE (OFFICE_ID, ADDRESS1, ADDRESS2, CITY, STATE, ZIP)
VALUES(11317, '2466 Kemper Lane', NULL, 'Salt Lake City', 'UT', '84116');
INSERT INTO OFFICE (OFFICE_ID, ADDRESS1, ADDRESS2, CITY, STATE, ZIP)
VALUES(11318, '2188 Spirit Drive', NULL, 'Port Orange', 'FL', '32019');
INSERT INTO OFFICE (OFFICE_ID, ADDRESS1, ADDRESS2, CITY, STATE, ZIP)
VALUES(11319, '4944 My Drive', 'Suite #31', 'New York', 'NY', '10011');
INSERT INTO OFFICE (OFFICE_ID, ADDRESS1, ADDRESS2, CITY, STATE, ZIP)
VALUES(11320, '4337 Timber Ridge Road', NULL, 'Roseville', 'CA', '95678');
INSERT INTO OFFICE (OFFICE_ID, ADDRESS1, ADDRESS2, CITY, STATE, ZIP)
VALUES(11321, '4099 Glendale Avenue', NULL, 'Los Angeles', 'CA', '90017');
INSERT INTO OFFICE (OFFICE_ID, ADDRESS1, ADDRESS2, CITY, STATE, ZIP)
VALUES(11322, '219 Heron Way', NULL, 'Sheridan', 'OR', '97378');
INSERT INTO OFFICE (OFFICE_ID, ADDRESS1, ADDRESS2, CITY, STATE, ZIP)
VALUES(11323, '2018 Willow Greene Drive', NULL, 'Montgomery', 'AL', '36014');
INSERT INTO OFFICE (OFFICE_ID, ADDRESS1, ADDRESS2, CITY, STATE, ZIP)
VALUES(11324, '1205 Blackwell Street', NULL, 'Fairbanks', 'AK', '99701');
INSERT INTO OFFICE (OFFICE_ID, ADDRESS1, ADDRESS2, CITY, STATE, ZIP)
VALUES(11325, '4614 Trymore Road', NULL, 'Northfield', 'MN', '55057');
 
-- OFFICE ADVISOR
INSERT INTO ADVISOR (EMPLOYEE_ID, FNAME, LNAME, PHONE_NUMBER, EMAIL)
VALUES(111, 'Peter', 'Chen', '(915) 555-6611','pchen@gmail.com');
INSERT INTO ADVISOR (EMPLOYEE_ID, FNAME, LNAME, PHONE_NUMBER, EMAIL)
VALUES(222, 'Sola', 'Kari', '(626) 555-6662','skari@gmail.com');
INSERT INTO ADVISOR (EMPLOYEE_ID, FNAME, LNAME, PHONE_NUMBER, EMAIL)
VALUES(333, 'Anne', 'Le', '(765) 505-6666','lle@gmail.com');
INSERT INTO ADVISOR (EMPLOYEE_ID, FNAME, LNAME, PHONE_NUMBER, EMAIL)
VALUES(444, 'Alexis', 'Sanchez', '(213) 552-6663','asanchez@gmail.com');
INSERT INTO ADVISOR (EMPLOYEE_ID, FNAME, LNAME, PHONE_NUMBER, EMAIL)
VALUES(555, 'Leonel', 'Messi', '(210) 455-6646','lmessi@gmail.com');
INSERT INTO ADVISOR (EMPLOYEE_ID, FNAME, LNAME, PHONE_NUMBER, EMAIL)
VALUES(666, 'Raul', 'Gonzales', '(770) 552-6676','rgonzalez@gmail.com');
INSERT INTO ADVISOR (EMPLOYEE_ID, FNAME, LNAME, PHONE_NUMBER, EMAIL)
VALUES(777, 'Karl', 'Schurle', '(313) 535-6656','kschurle@gmail.com');
INSERT INTO ADVISOR (EMPLOYEE_ID, FNAME, LNAME, PHONE_NUMBER, EMAIL)
VALUES(888, 'Moski', 'Valeri', '(223) 551-6446','mvaleri@gmail.com');
INSERT INTO ADVISOR (EMPLOYEE_ID, FNAME, LNAME, PHONE_NUMBER, EMAIL)
VALUES(999, 'Sarah', 'Corner', '(626) 155-6411','scorner@gmail.com');
INSERT INTO ADVISOR (EMPLOYEE_ID, FNAME, LNAME, PHONE_NUMBER, EMAIL)
VALUES(1000, 'Patrick', 'Karl', '(705) 545-6162','pkarl@gmail.com');
INSERT INTO ADVISOR (EMPLOYEE_ID, FNAME, LNAME, PHONE_NUMBER, EMAIL)
VALUES(2111, 'Leslie', 'Opa', '(733) 545-6116','lopa@gmail.com');
INSERT INTO ADVISOR (EMPLOYEE_ID, FNAME, LNAME, PHONE_NUMBER, EMAIL)
VALUES(3222, 'Alex', 'Morgan', '(617) 952-6463','amorgan@gmail.com');
INSERT INTO ADVISOR (EMPLOYEE_ID, FNAME, LNAME, PHONE_NUMBER, EMAIL)
VALUES(4333, 'Kluk', 'Sang', '(678) 505-6651','ksang@gmail.com');
INSERT INTO ADVISOR (EMPLOYEE_ID, FNAME, LNAME, PHONE_NUMBER, EMAIL)
VALUES(5444, 'Stuity', ' Massi', '(229) 955-6446','smassi@gmail.com');
INSERT INTO ADVISOR (EMPLOYEE_ID, FNAME, LNAME, PHONE_NUMBER, EMAIL)
VALUES(6555, 'Masisi', ' Valen', '(716) 751-6846','mvalen@gmail.com');

-- APPOINTMENT TABLE
INSERT INTO APPOINTMENT (APPOINTMENT_ID, DATE_TIME, NOTE, FK_CUSTOMER, FK_EMPLOYEE, FK_OFFICE)
VALUES(5001, TO_DATE('2019-10-21 13:30:00', 'yyyy/mm/dd hh24:mi:ss'), 'I need an assistant in Checking account', 0001, 222, 11311);
INSERT INTO APPOINTMENT (APPOINTMENT_ID, DATE_TIME, NOTE, FK_CUSTOMER, FK_EMPLOYEE, FK_OFFICE)
VALUES(5002, TO_DATE('2019-10-25 9:45:00', 'yyyy/mm/dd hh24:mi:ss'), 'I need an assistant in Saving account', 0010 , 111, 11312);
INSERT INTO APPOINTMENT (APPOINTMENT_ID, DATE_TIME, NOTE, FK_CUSTOMER, FK_EMPLOYEE, FK_OFFICE)
VALUES(5003, TO_DATE('2019-9-30 12:45:00', 'yyyy/mm/dd hh24:mi:ss'), NULL, 0011 , 333, 11313);
INSERT INTO APPOINTMENT (APPOINTMENT_ID, DATE_TIME, NOTE, FK_CUSTOMER, FK_EMPLOYEE, FK_OFFICE)
VALUES(5004, TO_DATE('2019-10-05 9:15:00', 'yyyy/mm/dd hh24:mi:ss'), 'Transaction missing', 0100 , 555, 11311);
INSERT INTO APPOINTMENT (APPOINTMENT_ID, DATE_TIME, NOTE, FK_CUSTOMER, FK_EMPLOYEE, FK_OFFICE)
VALUES(5005, TO_DATE('2019-10-15 16:30:00', 'yyyy/mm/dd hh24:mi:ss'), 'General Question', 0101 , 777, 11312);
INSERT INTO APPOINTMENT (APPOINTMENT_ID, DATE_TIME, NOTE, FK_CUSTOMER, FK_EMPLOYEE, FK_OFFICE)
VALUES(5006, TO_DATE('2019-9-27 10:30:00', 'yyyy/mm/dd hh24:mi:ss'), 'check information', 0100, 111, 11323);
INSERT INTO APPOINTMENT (APPOINTMENT_ID, DATE_TIME, NOTE, FK_CUSTOMER, FK_EMPLOYEE, FK_OFFICE)
VALUES(5007, TO_DATE('2019-9-28 12:30:00', 'yyyy/mm/dd hh24:mi:ss'), NULL, 0111, 888, 11315);
INSERT INTO APPOINTMENT (APPOINTMENT_ID, DATE_TIME, NOTE, FK_CUSTOMER, FK_EMPLOYEE, FK_OFFICE)
VALUES(5008, TO_DATE('2019-10-04 9:30:00', 'yyyy/mm/dd hh24:mi:ss'), NULL, 1000, 999, 11312);
INSERT INTO APPOINTMENT (APPOINTMENT_ID, DATE_TIME, NOTE, FK_CUSTOMER, FK_EMPLOYEE, FK_OFFICE)
VALUES(5009, TO_DATE('2019-10-07 14:15:00', 'yyyy/mm/dd hh24:mi:ss'), 'Maitanance Fee', 1000, 222, 11315);
INSERT INTO APPOINTMENT (APPOINTMENT_ID, DATE_TIME, NOTE, FK_CUSTOMER, FK_EMPLOYEE, FK_OFFICE)
VALUES(5010, TO_DATE('2019-10-08 16:15:00', 'yyyy/mm/dd hh24:mi:ss'), NULL, 1010, 333, 11317);
INSERT INTO APPOINTMENT (APPOINTMENT_ID, DATE_TIME, NOTE, FK_CUSTOMER, FK_EMPLOYEE, FK_OFFICE)
VALUES(5011, TO_DATE('2019-10-28 17:45:00', 'yyyy/mm/dd hh24:mi:ss'), NULL, 1011, 1000, 11311);
INSERT INTO APPOINTMENT (APPOINTMENT_ID, DATE_TIME, NOTE, FK_CUSTOMER, FK_EMPLOYEE, FK_OFFICE)
VALUES(5012, TO_DATE('2019-10-18 16:15:00', 'yyyy/mm/dd hh24:mi:ss'), NULL, 0001, 222, 11318);
INSERT INTO APPOINTMENT (APPOINTMENT_ID, DATE_TIME, NOTE, FK_CUSTOMER, FK_EMPLOYEE, FK_OFFICE)
VALUES(5013, TO_DATE('2019-10-02 07:45:00', 'yyyy/mm/dd hh24:mi:ss'), 'Terminate account', 1101, 555, 11319);
INSERT INTO APPOINTMENT (APPOINTMENT_ID, DATE_TIME, NOTE, FK_CUSTOMER, FK_EMPLOYEE, FK_OFFICE)
VALUES(5014, TO_DATE('2019-10-02 13:00:00', 'yyyy/mm/dd hh24:mi:ss'), 'Credit Card opening', 0001, 888, 11320);
INSERT INTO APPOINTMENT (APPOINTMENT_ID, DATE_TIME, NOTE, FK_CUSTOMER, FK_EMPLOYEE, FK_OFFICE)
VALUES(5015, TO_DATE('2019-09-21 13:30:00', 'yyyy/mm/dd hh24:mi:ss'), 'Balance question', 1111, 999, 11311);

-- End Of The File
